{"8KZ0zoAVpfFDYEc2GITQEg==":"ezgif.com-gif-maker%20(1).gif","1LVymA11h7vDGqf3XNj3CA==":"1.gif","goT1XsGLHyN6PtigI2UhVA==":"ezgif.com-gif-maker.gif","3TZXiy+wm8r66lsgkAXTAg==":"2.gif","g9/Oyo/cOo4wVmxF9bTI2w==":"scrnli_10_3_2020_12-11-42%20pm-1567x723.png","KnA1NPYuQ85BmG0qx5hqIg==":"scrnli_10_3_2020_10-23-14%20am-818x405.png","71drIVkLq+XWg/Q3jYMMdQ==":"header-96x26.png","JhOVEefI9dIKwLIEHuD/Dg==":"header-1-96x26.png","xnVKWecvK2MoyFR22T/z+w==":"ezgif.com-gif-maker%20(1).gif","k7woggUi2x0mAnjnIXJKJw==":"insatll.gif","YVpfh76bOkTvSOgfpiz2Dw==":"screenshot-2-1571x469.png","/wGPHx3uIE7ztkzNtLaVQA==":"screenshot-5-967x642.png","j61O1l5jcDX6DEJpwyDTkQ==":"screenshot-21-1900x959.png","VrpiuO+KNw2eetfd6d7m5Q==":"screenshot-22-1900x615.png","Cmf2BmkLiNYHdPQRtuWIbw==":"screenshot-23-1900x759.png","0QRziYdhDV1qyIL8mAF2rg==":"screenshot-24-1075x683.png","mWC/P+JT9Rg5mgfcZZAkBA==":"screenshot-15-1900x964.png","gG9eUOirqr/3gWd8Oh3AMA==":"screenshot-16-1616x963.png","mwP6ajf3bg2fGVB9OqY1Cg==":"screenshot-17-1900x963.png","Fv7Fy82F6ujgOZIstx/uWQ==":"screenshot-18-1899x964.png","M5Bix8vbIm0Da2/9JCc6Dw==":"screenshot-19-1899x964.png","JGPj+yQ1ywcEvlBl0C7/yQ==":"dashboard-1900x961.jpg","vmKJNfy92b5LhZuZoyQSrA==":"screenshot-1-1900x962.png","VbEOfm5vttePc4fYkTASJw==":"screenshot-5-1900x955.png"}